Workbook

Sheet DASHBOARD
B2: 📊 PAINEL DE CONTROLE — MT PARCEIROS
B3: Gerado em: 04/03/2026 11:18
B5: TOTAL DE LEADS | D5: LEADS ESTE MÊS | F5: VENDAS REALIZADAS
B6: =COUNTA(LEADS!C3:C502) | D6: =COUNTIFS(LEADS!B3:B502,">="&DATE(YEAR(TODAY()),MONTH(TODAY()),1),LEADS!B3:B502,"<="&TODAY()) | F6: =COUNTIF(LEADS!H3:H502,"Vendido")
B9: TAXA DE CONVERSÃO | D9: POTENCIAL MÉDIO | F9: POTENCIAL TOTAL (CARTEIRA)
B10: =IFERROR(COUNTIF(LEADS!H3:H502,"Vendido")/COUNTA(LEADS!C3:C502),0) | D10: =IFERROR(AVERAGEIF(LEADS!G3:G502,">"&0),0) | F10: =SUMIF(LEADS!H3:H502,"<>Perdido",LEADS!G3:G502)
B13: FUNIL DE VENDAS
B14: Novo | C14: =COUNTIF(LEADS!H3:H502,"Novo")
B15: Em contato | C15: =COUNTIF(LEADS!H3:H502,"Em contato")
B16: Proposta enviada | C16: =COUNTIF(LEADS!H3:H502,"Proposta enviada")
B17: Negociando | C17: =COUNTIF(LEADS!H3:H502,"Negociando")
B18: Vendido | C18: =COUNTIF(LEADS!H3:H502,"Vendido")
B19: Perdido | C19: =COUNTIF(LEADS!H3:H502,"Perdido")
B22: IMÓVEIS POR STATUS
B23: Lançamento | C23: =COUNTIF(IMOVEIS!C3:C502,"Lançamento")
B24: Em obras | C24: =COUNTIF(IMOVEIS!C3:C502,"Em obras")
B25: Pronto | C25: =COUNTIF(IMOVEIS!C3:C502,"Pronto")
B26: Suspenso | C26: =COUNTIF(IMOVEIS!C3:C502,"Suspenso")
B29: LEADS POR CANAL DE ORIGEM
B30: WhatsApp | C30: =COUNTIF(INTERACOES!D3:D502,"WhatsApp")
B31: Telefone | C31: =COUNTIF(INTERACOES!D3:D502,"Telefone")
B32: Site | C32: =COUNTIF(INTERACOES!D3:D502,"Site")
B33: Indicação | C33: =COUNTIF(INTERACOES!D3:D502,"Indicação")
B34: Instagram | C34: =COUNTIF(INTERACOES!D3:D502,"Instagram")
B35: Visita direta | C35: =COUNTIF(INTERACOES!D3:D502,"Visita direta")
B38: ⚠️ Os valores são calculados automaticamente. Não edite esta aba manualmente.

Sheet LEADS
A1: 👤 GESTÃO DE LEADS — MT PARCEIROS
A2: ID_LEAD | B2: DATA_ENTRADA | C2: NOME_CLIENTE | D2: WHATSAPP | E2: ID_IMOVEL_INTERESSE | F2: FAIXA_MCMV | G2: POTENCIAL_COMPRA | H2: STATUS_VENDA | I2: ULTIMA_INTERACAO | J2: DATA_RETORNO | K2: OBSERVACOES
A3: =IF(C3<>"",ROW()-2,"")
A4: =IF(C4<>"",ROW()-2,"")
A5: =IF(C5<>"",ROW()-2,"")
A6: =IF(C6<>"",ROW()-2,"")
A7: =IF(C7<>"",ROW()-2,"")
A8: =IF(C8<>"",ROW()-2,"")
A9: =IF(C9<>"",ROW()-2,"")
A10: =IF(C10<>"",ROW()-2,"")
A11: =IF(C11<>"",ROW()-2,"")
A12: =IF(C12<>"",ROW()-2,"")
A13: =IF(C13<>"",ROW()-2,"")
A14: =IF(C14<>"",ROW()-2,"")
... A502: =IF(C502<>"",ROW()-2,"")

Sheet IMOVEIS
A1: 🏠 CADASTRO DE IMÓVEIS — MT PARCEIROS
A2: ID_IMOVEL | B2: NOME | C2: STATUS | D2: BAIRRO | E2: ENDEREÇO | F2: LATITUDE | G2: LONGITUDE | H2: PRECO_BASE | I2: URL_IMAGEM
A3: =IF(B3<>"",ROW()-2,"")
A4: =IF(B4<>"",ROW()-2,"")
A5: =IF(B5<>"",ROW()-2,"")
A6: =IF(B6<>"",ROW()-2,"")
A7: =IF(B7<>"",ROW()-2,"")
A8: =IF(B8<>"",ROW()-2,"")
A9: =IF(B9<>"",ROW()-2,"")
A10: =IF(B10<>"",ROW()-2,"")
A11: =IF(B11<>"",ROW()-2,"")
A12: =IF(B12<>"",ROW()-2,"")
A13: =IF(B13<>"",ROW()-2,"")
A14: =IF(B14<>"",ROW()-2,"")
... A502: =IF(B502<>"",ROW()-2,"")

Sheet INTERACOES
A1: 💬 HISTÓRICO DE INTERAÇÕES — MT PARCEIROS
A2: ID_INTERACAO | B2: ID_LEAD | C2: DATA_HORA | D2: CANAL | E2: NOTAS | F2: RESULTADO | G2: PROXIMO_PASSO
A3: =IF(B3<>"",ROW()-2,"")
A4: =IF(B4<>"",ROW()-2,"")
A5: =IF(B5<>"",ROW()-2,"")
A6: =IF(B6<>"",ROW()-2,"")
A7: =IF(B7<>"",ROW()-2,"")
A8: =IF(B8<>"",ROW()-2,"")
A9: =IF(B9<>"",ROW()-2,"")
A10: =IF(B10<>"",ROW()-2,"")
A11: =IF(B11<>"",ROW()-2,"")
A12: =IF(B12<>"",ROW()-2,"")
A13: =IF(B13<>"",ROW()-2,"")
A14: =IF(B14<>"",ROW()-2,"")
... A502: =IF(B502<>"",ROW()-2,"")

Sheet CONFIGURACOES
A1: STATUS_IMOVEL | B1: STATUS_VENDA | C1: CANAL | D1: RESULTADO | E1: FAIXA_MCMV
A2: Lançamento | B2: Novo | C2: WhatsApp | D2: Positivo | E2: Faixa 1
A3: Em obras | B3: Em contato | C3: Telefone | D3: Neutro | E3: Faixa 2
A4: Pronto | B4: Proposta enviada | C4: Site | D4: Negativo | E4: Faixa 3
A5: Suspenso | B5: Negociando | C5: Indicação | D5: Sem resposta | E5: Faixa 4
B6: Vendido | C6: Instagram | E6: SBPE/Mercado
B7: Perdido | C7: Visita direta
